{
    "client_id": "120628660145-tntqsjaide837f558r310khf5t1q55b6.apps.googleusercontent.com",
    "client_secret": "kopqwS5I1xejde8me0PQlPVQ",
    "scopes": ["https://www.googleapis.com/auth/drive", "https://www.googleapis.com/auth/userinfo.email"],
    "analytics": "UA-37991248-2",
    "domain": "alpha.gameplaycolor.com",
    "redirect_uri": "https://alpha.gameplaycolor.com/",
    "icon": "icons/icon-alpha.png",
    "debug": true,
    "logging_level": 20,
    "deploy": {
        "domain": "alpha.gameplaycolor.com",
        "confirm": false
    }
}
